--------------------------------------------------------
-- Archivo creado  - viernes-junio-04-2021   
--------------------------------------------------------
--------------------------------------------------------
--  DDL for Sequence CARGO_ID_CARGO_SEQ
--------------------------------------------------------

   CREATE SEQUENCE  "ERNESTOBD"."CARGO_ID_CARGO_SEQ"  MINVALUE 1 MAXVALUE 9999999999999999999999999999 INCREMENT BY 1 START WITH 1 NOCACHE  ORDER  NOCYCLE  NOKEEP  NOSCALE  GLOBAL ;
--------------------------------------------------------
--  DDL for Sequence MARCAS_IDMARCA_SEQ
--------------------------------------------------------

   CREATE SEQUENCE  "ERNESTOBD"."MARCAS_IDMARCA_SEQ"  MINVALUE 1 MAXVALUE 9999999999999999999999999999 INCREMENT BY 1 START WITH 3 NOCACHE  ORDER  NOCYCLE  NOKEEP  NOSCALE  GLOBAL ;
--------------------------------------------------------
--  DDL for Sequence PAGOSMUL_IDREGISTRO_SEQ
--------------------------------------------------------

   CREATE SEQUENCE  "ERNESTOBD"."PAGOSMUL_IDREGISTRO_SEQ"  MINVALUE 1 MAXVALUE 9999999999999999999999999999 INCREMENT BY 1 START WITH 1 NOCACHE  ORDER  NOCYCLE  NOKEEP  NOSCALE  GLOBAL ;
--------------------------------------------------------
--  DDL for Sequence REGISTRO_ELIM_ID_REGS_SEQ
--------------------------------------------------------

   CREATE SEQUENCE  "ERNESTOBD"."REGISTRO_ELIM_ID_REGS_SEQ"  MINVALUE 1 MAXVALUE 9999999999999999999999999999 INCREMENT BY 1 START WITH 15 NOCACHE  ORDER  NOCYCLE  NOKEEP  NOSCALE  GLOBAL ;
--------------------------------------------------------
--  DDL for Sequence TIPOVEHIC_ID_TIPO_SEQ
--------------------------------------------------------

   CREATE SEQUENCE  "ERNESTOBD"."TIPOVEHIC_ID_TIPO_SEQ"  MINVALUE 1 MAXVALUE 9999999999999999999999999999 INCREMENT BY 1 START WITH 3 NOCACHE  ORDER  NOCYCLE  NOKEEP  NOSCALE  GLOBAL ;
--------------------------------------------------------
--  DDL for Sequence USUARIOS_ID_USER_SEQ
--------------------------------------------------------

   CREATE SEQUENCE  "ERNESTOBD"."USUARIOS_ID_USER_SEQ"  MINVALUE 1 MAXVALUE 9999999999999999999999999999 INCREMENT BY 1 START WITH 2 NOCACHE  ORDER  NOCYCLE  NOKEEP  NOSCALE  GLOBAL ;
--------------------------------------------------------
--  DDL for Sequence VITACELEME_IDREGISTRO_SEQ
--------------------------------------------------------

   CREATE SEQUENCE  "ERNESTOBD"."VITACELEME_IDREGISTRO_SEQ"  MINVALUE 1 MAXVALUE 9999999999999999999999999999 INCREMENT BY 1 START WITH 1 NOCACHE  ORDER  NOCYCLE  NOKEEP  NOSCALE  GLOBAL ;
--------------------------------------------------------
--  DDL for Table ARTICULOS
--------------------------------------------------------

  CREATE TABLE "ERNESTOBD"."ARTICULOS" 
   (	"ARTICULO" VARCHAR2(10 BYTE), 
	"DESCRIPCION" VARCHAR2(50 BYTE)
   ) SEGMENT CREATION IMMEDIATE 
  PCTFREE 10 PCTUSED 40 INITRANS 1 MAXTRANS 255 
 NOCOMPRESS LOGGING
  STORAGE(INITIAL 65536 NEXT 1048576 MINEXTENTS 1 MAXEXTENTS 2147483645
  PCTINCREASE 0 FREELISTS 1 FREELIST GROUPS 1
  BUFFER_POOL DEFAULT FLASH_CACHE DEFAULT CELL_FLASH_CACHE DEFAULT)
  TABLESPACE "USERS" ;
--------------------------------------------------------
--  DDL for Table BOLETA_PAGO
--------------------------------------------------------

  CREATE TABLE "ERNESTOBD"."BOLETA_PAGO" 
   (	"ID_BOLET" NUMBER, 
	"FECHA" DATE, 
	"NOMBRE" VARCHAR2(50 BYTE), 
	"TOTAL" NUMBER, 
	"ADMINISTRADOR_ID_USER" NUMBER
   ) SEGMENT CREATION DEFERRED 
  PCTFREE 10 PCTUSED 40 INITRANS 1 MAXTRANS 255 
 NOCOMPRESS LOGGING
  TABLESPACE "USERS" ;
--------------------------------------------------------
--  DDL for Table CARGO
--------------------------------------------------------

  CREATE TABLE "ERNESTOBD"."CARGO" 
   (	"ID_CARGO" NUMBER, 
	"CARGO" VARCHAR2(30 BYTE)
   ) SEGMENT CREATION IMMEDIATE 
  PCTFREE 10 PCTUSED 40 INITRANS 1 MAXTRANS 255 
 NOCOMPRESS LOGGING
  STORAGE(INITIAL 65536 NEXT 1048576 MINEXTENTS 1 MAXEXTENTS 2147483645
  PCTINCREASE 0 FREELISTS 1 FREELIST GROUPS 1
  BUFFER_POOL DEFAULT FLASH_CACHE DEFAULT CELL_FLASH_CACHE DEFAULT)
  TABLESPACE "USERS" ;
--------------------------------------------------------
--  DDL for Table ELEMENTO
--------------------------------------------------------

  CREATE TABLE "ERNESTOBD"."ELEMENTO" 
   (	"CHAPA" NUMBER, 
	"NOMBRE" VARCHAR2(50 BYTE), 
	"ID_CARGO" NUMBER
   ) SEGMENT CREATION IMMEDIATE 
  PCTFREE 10 PCTUSED 40 INITRANS 1 MAXTRANS 255 
 NOCOMPRESS LOGGING
  STORAGE(INITIAL 65536 NEXT 1048576 MINEXTENTS 1 MAXEXTENTS 2147483645
  PCTINCREASE 0 FREELISTS 1 FREELIST GROUPS 1
  BUFFER_POOL DEFAULT FLASH_CACHE DEFAULT CELL_FLASH_CACHE DEFAULT)
  TABLESPACE "USERS" ;
--------------------------------------------------------
--  DDL for Table MARCAS
--------------------------------------------------------

  CREATE TABLE "ERNESTOBD"."MARCAS" 
   (	"IDMARCA" NUMBER, 
	"MARCA" VARCHAR2(30 BYTE)
   ) SEGMENT CREATION IMMEDIATE 
  PCTFREE 10 PCTUSED 40 INITRANS 1 MAXTRANS 255 
 NOCOMPRESS LOGGING
  STORAGE(INITIAL 65536 NEXT 1048576 MINEXTENTS 1 MAXEXTENTS 2147483645
  PCTINCREASE 0 FREELISTS 1 FREELIST GROUPS 1
  BUFFER_POOL DEFAULT FLASH_CACHE DEFAULT CELL_FLASH_CACHE DEFAULT)
  TABLESPACE "USERS" ;
--------------------------------------------------------
--  DDL for Table MULTAS
--------------------------------------------------------

  CREATE TABLE "ERNESTOBD"."MULTAS" 
   (	"BOLETA_NO" NUMBER, 
	"TIPOVEHIC_ID_TIPO" NUMBER, 
	"PLACA" VARCHAR2(20 BYTE), 
	"MARCAS_IDMARCA" NUMBER, 
	"COLOR" VARCHAR2(30 BYTE), 
	"ARTICULOS_ARTICULO" VARCHAR2(10 BYTE), 
	"OBSERVACION" VARCHAR2(120 BYTE), 
	"LUGAR" VARCHAR2(50 BYTE), 
	"TARJ_CIRCU" NUMBER, 
	"PROPIETARIO" VARCHAR2(50 BYTE), 
	"CONDUCTOR" VARCHAR2(50 BYTE), 
	"LICENCIA" VARCHAR2(30 BYTE), 
	"MONTO" VARCHAR2(15 BYTE), 
	"FECHA_MUL" DATE, 
	"ID_USER" NUMBER, 
	"CHAPA" NUMBER, 
	"FECHAVENC" DATE
   ) SEGMENT CREATION IMMEDIATE 
  PCTFREE 10 PCTUSED 40 INITRANS 1 MAXTRANS 255 
 NOCOMPRESS LOGGING
  STORAGE(INITIAL 65536 NEXT 1048576 MINEXTENTS 1 MAXEXTENTS 2147483645
  PCTINCREASE 0 FREELISTS 1 FREELIST GROUPS 1
  BUFFER_POOL DEFAULT FLASH_CACHE DEFAULT CELL_FLASH_CACHE DEFAULT)
  TABLESPACE "USERS" ;
--------------------------------------------------------
--  DDL for Table PAGOSMULTAS
--------------------------------------------------------

  CREATE TABLE "ERNESTOBD"."PAGOSMULTAS" 
   (	"IDREGISTRO" NUMBER, 
	"FECHA" DATE, 
	"BOLETA_PAGO_ID_BOLET" NUMBER
   ) SEGMENT CREATION DEFERRED 
  PCTFREE 10 PCTUSED 40 INITRANS 1 MAXTRANS 255 
 NOCOMPRESS LOGGING
  TABLESPACE "USERS" ;
--------------------------------------------------------
--  DDL for Table PERSONA
--------------------------------------------------------

  CREATE TABLE "ERNESTOBD"."PERSONA" 
   (	"LICEN_DPI" NUMBER, 
	"NOMBRE" VARCHAR2(60 BYTE), 
	"MULTAS_BOLETA_NO" NUMBER, 
	"MONTO" VARCHAR2(30 BYTE), 
	"FECHA" DATE, 
	"LUGAR" VARCHAR2(50 BYTE)
   ) SEGMENT CREATION IMMEDIATE 
  PCTFREE 10 PCTUSED 40 INITRANS 1 MAXTRANS 255 
 NOCOMPRESS LOGGING
  STORAGE(INITIAL 65536 NEXT 1048576 MINEXTENTS 1 MAXEXTENTS 2147483645
  PCTINCREASE 0 FREELISTS 1 FREELIST GROUPS 1
  BUFFER_POOL DEFAULT FLASH_CACHE DEFAULT CELL_FLASH_CACHE DEFAULT)
  TABLESPACE "USERS" ;
--------------------------------------------------------
--  DDL for Table REGISTRO_ELIMINADOS
--------------------------------------------------------

  CREATE TABLE "ERNESTOBD"."REGISTRO_ELIMINADOS" 
   (	"ID_REGS" NUMBER, 
	"BOLETANO" NUMBER, 
	"PLACA" VARCHAR2(20 BYTE), 
	"TIPO" VARCHAR2(20 BYTE), 
	"MARCA" VARCHAR2(20 BYTE), 
	"COLOR" VARCHAR2(30 BYTE), 
	"TARJETA_CIRC" NUMBER, 
	"PROPIETARIO" VARCHAR2(50 BYTE), 
	"CONDUCTOR" VARCHAR2(50 BYTE), 
	"FECHA" DATE, 
	"ADMINISTRADOR_ID_USER" NUMBER
   ) SEGMENT CREATION IMMEDIATE 
  PCTFREE 10 PCTUSED 40 INITRANS 1 MAXTRANS 255 
 NOCOMPRESS LOGGING
  STORAGE(INITIAL 65536 NEXT 1048576 MINEXTENTS 1 MAXEXTENTS 2147483645
  PCTINCREASE 0 FREELISTS 1 FREELIST GROUPS 1
  BUFFER_POOL DEFAULT FLASH_CACHE DEFAULT CELL_FLASH_CACHE DEFAULT)
  TABLESPACE "USERS" ;
--------------------------------------------------------
--  DDL for Table TIPOVEHICULO
--------------------------------------------------------

  CREATE TABLE "ERNESTOBD"."TIPOVEHICULO" 
   (	"ID_TIPO" NUMBER, 
	"TIPO" VARCHAR2(10 BYTE), 
	"DESCRIPCION" VARCHAR2(40 BYTE)
   ) SEGMENT CREATION IMMEDIATE 
  PCTFREE 10 PCTUSED 40 INITRANS 1 MAXTRANS 255 
 NOCOMPRESS LOGGING
  STORAGE(INITIAL 65536 NEXT 1048576 MINEXTENTS 1 MAXEXTENTS 2147483645
  PCTINCREASE 0 FREELISTS 1 FREELIST GROUPS 1
  BUFFER_POOL DEFAULT FLASH_CACHE DEFAULT CELL_FLASH_CACHE DEFAULT)
  TABLESPACE "USERS" ;
--------------------------------------------------------
--  DDL for Table USERS
--------------------------------------------------------

  CREATE TABLE "ERNESTOBD"."USERS" 
   (	"ID" NUMBER, 
	"NAME" VARCHAR2(255 BYTE), 
	"EMAIL" VARCHAR2(255 BYTE), 
	"EMAIL_VERIFIED_AT" TIMESTAMP (6), 
	"PASSWORD" VARCHAR2(250 BYTE), 
	"REMEMBER_TOKEN" VARCHAR2(100 BYTE), 
	"CREATED_AT" TIMESTAMP (6), 
	"UPDATED_AT" TIMESTAMP (6)
   ) SEGMENT CREATION IMMEDIATE 
  PCTFREE 10 PCTUSED 40 INITRANS 1 MAXTRANS 255 
 NOCOMPRESS LOGGING
  STORAGE(INITIAL 65536 NEXT 1048576 MINEXTENTS 1 MAXEXTENTS 2147483645
  PCTINCREASE 0 FREELISTS 1 FREELIST GROUPS 1
  BUFFER_POOL DEFAULT FLASH_CACHE DEFAULT CELL_FLASH_CACHE DEFAULT)
  TABLESPACE "USERS" ;
--------------------------------------------------------
--  DDL for Table VEHICULO
--------------------------------------------------------

  CREATE TABLE "ERNESTOBD"."VEHICULO" 
   (	"PLACA" VARCHAR2(20 BYTE), 
	"TIPO" VARCHAR2(10 BYTE), 
	"MARCA" VARCHAR2(20 BYTE), 
	"COLOR" VARCHAR2(30 BYTE), 
	"TARJETA_CIRC" NUMBER, 
	"PROPIETARIO" VARCHAR2(50 BYTE), 
	"MULTAS_BOLETA_NO" NUMBER, 
	"MONTO" VARCHAR2(30 BYTE), 
	"FECHA" DATE, 
	"LUGAR" VARCHAR2(50 BYTE), 
	"CONDUCTOR" VARCHAR2(50 BYTE)
   ) SEGMENT CREATION IMMEDIATE 
  PCTFREE 10 PCTUSED 40 INITRANS 1 MAXTRANS 255 
 NOCOMPRESS LOGGING
  STORAGE(INITIAL 65536 NEXT 1048576 MINEXTENTS 1 MAXEXTENTS 2147483645
  PCTINCREASE 0 FREELISTS 1 FREELIST GROUPS 1
  BUFFER_POOL DEFAULT FLASH_CACHE DEFAULT CELL_FLASH_CACHE DEFAULT)
  TABLESPACE "USERS" ;
--------------------------------------------------------
--  DDL for Table VITACELEME
--------------------------------------------------------

  CREATE TABLE "ERNESTOBD"."VITACELEME" 
   (	"IDREGISTRO" NUMBER, 
	"CHAPA" NUMBER, 
	"NOMBRE" VARCHAR2(50 BYTE), 
	"IDCARGO" NUMBER, 
	"FECHABAJA" DATE, 
	"ADMINISTRADOR_ID_USER" NUMBER
   ) SEGMENT CREATION DEFERRED 
  PCTFREE 10 PCTUSED 40 INITRANS 1 MAXTRANS 255 
 NOCOMPRESS LOGGING
  TABLESPACE "USERS" ;
REM INSERTING into ERNESTOBD.ARTICULOS
SET DEFINE OFF;
Insert into ERNESTOBD.ARTICULOS (ARTICULO,DESCRIPCION) values ('1','Todo el peso de la ley');
Insert into ERNESTOBD.ARTICULOS (ARTICULO,DESCRIPCION) values ('2','Pa tu casa');
REM INSERTING into ERNESTOBD.BOLETA_PAGO
SET DEFINE OFF;
REM INSERTING into ERNESTOBD.CARGO
SET DEFINE OFF;
Insert into ERNESTOBD.CARGO (ID_CARGO,CARGO) values (1,'Animal');
REM INSERTING into ERNESTOBD.ELEMENTO
SET DEFINE OFF;
Insert into ERNESTOBD.ELEMENTO (CHAPA,NOMBRE,ID_CARGO) values (1,'Patriota',1);
REM INSERTING into ERNESTOBD.MARCAS
SET DEFINE OFF;
Insert into ERNESTOBD.MARCAS (IDMARCA,MARCA) values (1,'Toyota');
Insert into ERNESTOBD.MARCAS (IDMARCA,MARCA) values (2,'Honda');
REM INSERTING into ERNESTOBD.MULTAS
SET DEFINE OFF;
Insert into ERNESTOBD.MULTAS (BOLETA_NO,TIPOVEHIC_ID_TIPO,PLACA,MARCAS_IDMARCA,COLOR,ARTICULOS_ARTICULO,OBSERVACION,LUGAR,TARJ_CIRCU,PROPIETARIO,CONDUCTOR,LICENCIA,MONTO,FECHA_MUL,ID_USER,CHAPA,FECHAVENC) values (453,1,'12345',1,'NEGRO','1','NO TODO NITIDO','ENFRENTE DE SU CASA',435354535,'EL','EL TAMBIEN','12345','1000',to_date('04/06/21','DD/MM/RR'),1,1,to_date('07/06/21','DD/MM/RR'));
Insert into ERNESTOBD.MULTAS (BOLETA_NO,TIPOVEHIC_ID_TIPO,PLACA,MARCAS_IDMARCA,COLOR,ARTICULOS_ARTICULO,OBSERVACION,LUGAR,TARJ_CIRCU,PROPIETARIO,CONDUCTOR,LICENCIA,MONTO,FECHA_MUL,ID_USER,CHAPA,FECHAVENC) values (34,2,'123',2,'aaa','2','aa','aaa',4443,'aa','45','33','44',to_date('04/06/21','DD/MM/RR'),1,1,to_date('31/05/21','DD/MM/RR'));
Insert into ERNESTOBD.MULTAS (BOLETA_NO,TIPOVEHIC_ID_TIPO,PLACA,MARCAS_IDMARCA,COLOR,ARTICULOS_ARTICULO,OBSERVACION,LUGAR,TARJ_CIRCU,PROPIETARIO,CONDUCTOR,LICENCIA,MONTO,FECHA_MUL,ID_USER,CHAPA,FECHAVENC) values (45354,1,'43sdd',2,'azul calidad','2','aaa','aqui',439430,'jajaa','jsisisis','10004534','4030',to_date('04/06/21','DD/MM/RR'),1,1,to_date('02/06/21','DD/MM/RR'));
REM INSERTING into ERNESTOBD.PAGOSMULTAS
SET DEFINE OFF;
REM INSERTING into ERNESTOBD.PERSONA
SET DEFINE OFF;
Insert into ERNESTOBD.PERSONA (LICEN_DPI,NOMBRE,MULTAS_BOLETA_NO,MONTO,FECHA,LUGAR) values (12345,'EL TAMBIEN',453,'1000',to_date('04/06/21','DD/MM/RR'),'ENFRENTE DE SU CASA');
Insert into ERNESTOBD.PERSONA (LICEN_DPI,NOMBRE,MULTAS_BOLETA_NO,MONTO,FECHA,LUGAR) values (33,'45',34,'44',to_date('04/06/21','DD/MM/RR'),'aaa');
Insert into ERNESTOBD.PERSONA (LICEN_DPI,NOMBRE,MULTAS_BOLETA_NO,MONTO,FECHA,LUGAR) values (10004534,'jsisisis',45354,'4030',to_date('04/06/21','DD/MM/RR'),'aqui');
REM INSERTING into ERNESTOBD.REGISTRO_ELIMINADOS
SET DEFINE OFF;
Insert into ERNESTOBD.REGISTRO_ELIMINADOS (ID_REGS,BOLETANO,PLACA,TIPO,MARCA,COLOR,TARJETA_CIRC,PROPIETARIO,CONDUCTOR,FECHA,ADMINISTRADOR_ID_USER) values (8,1,'1','1','1','azul',1234,'yo',null,to_date('04/06/21','DD/MM/RR'),1);
Insert into ERNESTOBD.REGISTRO_ELIMINADOS (ID_REGS,BOLETANO,PLACA,TIPO,MARCA,COLOR,TARJETA_CIRC,PROPIETARIO,CONDUCTOR,FECHA,ADMINISTRADOR_ID_USER) values (9,45455,'443','2','1','sdfa',4334,'4343',null,to_date('04/06/21','DD/MM/RR'),1);
Insert into ERNESTOBD.REGISTRO_ELIMINADOS (ID_REGS,BOLETANO,PLACA,TIPO,MARCA,COLOR,TARJETA_CIRC,PROPIETARIO,CONDUCTOR,FECHA,ADMINISTRADOR_ID_USER) values (10,434,'4sdf-4d','1','1','Azul',439403,'mynor',null,to_date('04/06/21','DD/MM/RR'),1);
Insert into ERNESTOBD.REGISTRO_ELIMINADOS (ID_REGS,BOLETANO,PLACA,TIPO,MARCA,COLOR,TARJETA_CIRC,PROPIETARIO,CONDUCTOR,FECHA,ADMINISTRADOR_ID_USER) values (11,43434,'4sdf-4d','1','1','Azul',4394033,'mynor',null,to_date('04/06/21','DD/MM/RR'),1);
Insert into ERNESTOBD.REGISTRO_ELIMINADOS (ID_REGS,BOLETANO,PLACA,TIPO,MARCA,COLOR,TARJETA_CIRC,PROPIETARIO,CONDUCTOR,FECHA,ADMINISTRADOR_ID_USER) values (12,43,'453453','1','1','verde',453453,'yo mismo',null,to_date('04/06/21','DD/MM/RR'),1);
Insert into ERNESTOBD.REGISTRO_ELIMINADOS (ID_REGS,BOLETANO,PLACA,TIPO,MARCA,COLOR,TARJETA_CIRC,PROPIETARIO,CONDUCTOR,FECHA,ADMINISTRADOR_ID_USER) values (13,53,'53','2','1','verde4',43432,'yo',null,to_date('04/06/21','DD/MM/RR'),1);
Insert into ERNESTOBD.REGISTRO_ELIMINADOS (ID_REGS,BOLETANO,PLACA,TIPO,MARCA,COLOR,TARJETA_CIRC,PROPIETARIO,CONDUCTOR,FECHA,ADMINISTRADOR_ID_USER) values (14,4334,'4394-4d','2','2','Verde',4930443930409,'Micke',null,to_date('04/06/21','DD/MM/RR'),1);
REM INSERTING into ERNESTOBD.TIPOVEHICULO
SET DEFINE OFF;
Insert into ERNESTOBD.TIPOVEHICULO (ID_TIPO,TIPO,DESCRIPCION) values (1,'A','Anormal');
Insert into ERNESTOBD.TIPOVEHICULO (ID_TIPO,TIPO,DESCRIPCION) values (2,'C','Calidad');
REM INSERTING into ERNESTOBD.USERS
SET DEFINE OFF;
Insert into ERNESTOBD.USERS (ID,NAME,EMAIL,EMAIL_VERIFIED_AT,PASSWORD,REMEMBER_TOKEN,CREATED_AT,UPDATED_AT) values (1,'Ernesto Orellana','jorgeernesto9998@gmail.com',null,'$2y$10$IOJeqAqGT057692mGIlsau8EbLG4hEEhGYmmXer.3DaVAiI8pM5EG',null,to_timestamp('04/06/21 07:39:37.000000000 AM','DD/MM/RR HH12:MI:SSXFF AM'),to_timestamp('04/06/21 07:39:37.000000000 AM','DD/MM/RR HH12:MI:SSXFF AM'));
REM INSERTING into ERNESTOBD.VEHICULO
SET DEFINE OFF;
Insert into ERNESTOBD.VEHICULO (PLACA,TIPO,MARCA,COLOR,TARJETA_CIRC,PROPIETARIO,MULTAS_BOLETA_NO,MONTO,FECHA,LUGAR,CONDUCTOR) values ('43sdd','1','2','azul calidad',439430,'jajaa',45354,'4030',to_date('04/06/21','DD/MM/RR'),'aqui','jsisisis');
REM INSERTING into ERNESTOBD.VITACELEME
SET DEFINE OFF;
--------------------------------------------------------
--  DDL for Index ADMINISTRADOR_PK
--------------------------------------------------------

  CREATE UNIQUE INDEX "ERNESTOBD"."ADMINISTRADOR_PK" ON "ERNESTOBD"."USERS" ("ID") 
  PCTFREE 10 INITRANS 2 MAXTRANS 255 COMPUTE STATISTICS 
  STORAGE(INITIAL 65536 NEXT 1048576 MINEXTENTS 1 MAXEXTENTS 2147483645
  PCTINCREASE 0 FREELISTS 1 FREELIST GROUPS 1
  BUFFER_POOL DEFAULT FLASH_CACHE DEFAULT CELL_FLASH_CACHE DEFAULT)
  TABLESPACE "USERS" ;
--------------------------------------------------------
--  DDL for Index ARTICULOS_PK
--------------------------------------------------------

  CREATE UNIQUE INDEX "ERNESTOBD"."ARTICULOS_PK" ON "ERNESTOBD"."ARTICULOS" ("ARTICULO") 
  PCTFREE 10 INITRANS 2 MAXTRANS 255 COMPUTE STATISTICS 
  STORAGE(INITIAL 65536 NEXT 1048576 MINEXTENTS 1 MAXEXTENTS 2147483645
  PCTINCREASE 0 FREELISTS 1 FREELIST GROUPS 1
  BUFFER_POOL DEFAULT FLASH_CACHE DEFAULT CELL_FLASH_CACHE DEFAULT)
  TABLESPACE "USERS" ;
--------------------------------------------------------
--  DDL for Index BOLETA_PAGO_PK
--------------------------------------------------------

  CREATE UNIQUE INDEX "ERNESTOBD"."BOLETA_PAGO_PK" ON "ERNESTOBD"."BOLETA_PAGO" ("ID_BOLET") 
  PCTFREE 10 INITRANS 2 MAXTRANS 255 COMPUTE STATISTICS 
  TABLESPACE "USERS" ;
--------------------------------------------------------
--  DDL for Index CARGO_PK
--------------------------------------------------------

  CREATE UNIQUE INDEX "ERNESTOBD"."CARGO_PK" ON "ERNESTOBD"."CARGO" ("ID_CARGO") 
  PCTFREE 10 INITRANS 2 MAXTRANS 255 COMPUTE STATISTICS 
  STORAGE(INITIAL 65536 NEXT 1048576 MINEXTENTS 1 MAXEXTENTS 2147483645
  PCTINCREASE 0 FREELISTS 1 FREELIST GROUPS 1
  BUFFER_POOL DEFAULT FLASH_CACHE DEFAULT CELL_FLASH_CACHE DEFAULT)
  TABLESPACE "USERS" ;
--------------------------------------------------------
--  DDL for Index ELEMENTO_PK
--------------------------------------------------------

  CREATE UNIQUE INDEX "ERNESTOBD"."ELEMENTO_PK" ON "ERNESTOBD"."ELEMENTO" ("CHAPA") 
  PCTFREE 10 INITRANS 2 MAXTRANS 255 COMPUTE STATISTICS 
  STORAGE(INITIAL 65536 NEXT 1048576 MINEXTENTS 1 MAXEXTENTS 2147483645
  PCTINCREASE 0 FREELISTS 1 FREELIST GROUPS 1
  BUFFER_POOL DEFAULT FLASH_CACHE DEFAULT CELL_FLASH_CACHE DEFAULT)
  TABLESPACE "USERS" ;
--------------------------------------------------------
--  DDL for Index MARCAS_PK
--------------------------------------------------------

  CREATE UNIQUE INDEX "ERNESTOBD"."MARCAS_PK" ON "ERNESTOBD"."MARCAS" ("IDMARCA") 
  PCTFREE 10 INITRANS 2 MAXTRANS 255 COMPUTE STATISTICS 
  STORAGE(INITIAL 65536 NEXT 1048576 MINEXTENTS 1 MAXEXTENTS 2147483645
  PCTINCREASE 0 FREELISTS 1 FREELIST GROUPS 1
  BUFFER_POOL DEFAULT FLASH_CACHE DEFAULT CELL_FLASH_CACHE DEFAULT)
  TABLESPACE "USERS" ;
--------------------------------------------------------
--  DDL for Index MULTAS_PK
--------------------------------------------------------

  CREATE UNIQUE INDEX "ERNESTOBD"."MULTAS_PK" ON "ERNESTOBD"."MULTAS" ("BOLETA_NO") 
  PCTFREE 10 INITRANS 2 MAXTRANS 255 COMPUTE STATISTICS 
  STORAGE(INITIAL 65536 NEXT 1048576 MINEXTENTS 1 MAXEXTENTS 2147483645
  PCTINCREASE 0 FREELISTS 1 FREELIST GROUPS 1
  BUFFER_POOL DEFAULT FLASH_CACHE DEFAULT CELL_FLASH_CACHE DEFAULT)
  TABLESPACE "USERS" ;
--------------------------------------------------------
--  DDL for Index PAGOSMUL_PK
--------------------------------------------------------

  CREATE UNIQUE INDEX "ERNESTOBD"."PAGOSMUL_PK" ON "ERNESTOBD"."PAGOSMULTAS" ("IDREGISTRO") 
  PCTFREE 10 INITRANS 2 MAXTRANS 255 COMPUTE STATISTICS 
  TABLESPACE "USERS" ;
--------------------------------------------------------
--  DDL for Index PERSONA_PK
--------------------------------------------------------

  CREATE UNIQUE INDEX "ERNESTOBD"."PERSONA_PK" ON "ERNESTOBD"."PERSONA" ("LICEN_DPI") 
  PCTFREE 10 INITRANS 2 MAXTRANS 255 COMPUTE STATISTICS 
  STORAGE(INITIAL 65536 NEXT 1048576 MINEXTENTS 1 MAXEXTENTS 2147483645
  PCTINCREASE 0 FREELISTS 1 FREELIST GROUPS 1
  BUFFER_POOL DEFAULT FLASH_CACHE DEFAULT CELL_FLASH_CACHE DEFAULT)
  TABLESPACE "USERS" ;
--------------------------------------------------------
--  DDL for Index REGISTRO_ELIM_PK
--------------------------------------------------------

  CREATE UNIQUE INDEX "ERNESTOBD"."REGISTRO_ELIM_PK" ON "ERNESTOBD"."REGISTRO_ELIMINADOS" ("ID_REGS") 
  PCTFREE 10 INITRANS 2 MAXTRANS 255 COMPUTE STATISTICS 
  STORAGE(INITIAL 65536 NEXT 1048576 MINEXTENTS 1 MAXEXTENTS 2147483645
  PCTINCREASE 0 FREELISTS 1 FREELIST GROUPS 1
  BUFFER_POOL DEFAULT FLASH_CACHE DEFAULT CELL_FLASH_CACHE DEFAULT)
  TABLESPACE "USERS" ;
--------------------------------------------------------
--  DDL for Index TIPOVEHIC_PK
--------------------------------------------------------

  CREATE UNIQUE INDEX "ERNESTOBD"."TIPOVEHIC_PK" ON "ERNESTOBD"."TIPOVEHICULO" ("ID_TIPO") 
  PCTFREE 10 INITRANS 2 MAXTRANS 255 COMPUTE STATISTICS 
  STORAGE(INITIAL 65536 NEXT 1048576 MINEXTENTS 1 MAXEXTENTS 2147483645
  PCTINCREASE 0 FREELISTS 1 FREELIST GROUPS 1
  BUFFER_POOL DEFAULT FLASH_CACHE DEFAULT CELL_FLASH_CACHE DEFAULT)
  TABLESPACE "USERS" ;
--------------------------------------------------------
--  DDL for Index VECHICULO_PK
--------------------------------------------------------

  CREATE UNIQUE INDEX "ERNESTOBD"."VECHICULO_PK" ON "ERNESTOBD"."VEHICULO" ("PLACA") 
  PCTFREE 10 INITRANS 2 MAXTRANS 255 COMPUTE STATISTICS 
  STORAGE(INITIAL 65536 NEXT 1048576 MINEXTENTS 1 MAXEXTENTS 2147483645
  PCTINCREASE 0 FREELISTS 1 FREELIST GROUPS 1
  BUFFER_POOL DEFAULT FLASH_CACHE DEFAULT CELL_FLASH_CACHE DEFAULT)
  TABLESPACE "USERS" ;
--------------------------------------------------------
--  DDL for Index VITACELEME_PK
--------------------------------------------------------

  CREATE UNIQUE INDEX "ERNESTOBD"."VITACELEME_PK" ON "ERNESTOBD"."VITACELEME" ("IDREGISTRO") 
  PCTFREE 10 INITRANS 2 MAXTRANS 255 COMPUTE STATISTICS 
  TABLESPACE "USERS" ;
--------------------------------------------------------
--  DDL for Trigger BORRAR_AUTO
--------------------------------------------------------

  CREATE OR REPLACE EDITIONABLE TRIGGER "ERNESTOBD"."BORRAR_AUTO" 
    AFTER DELETE ON MULTAS
        FOR EACH ROW
            DECLARE
            V_boleta_No number;
        BEGIN
            DELETE vehiculo WHERE multas_boleta_no = :old.boleta_no;
        END;
/
ALTER TRIGGER "ERNESTOBD"."BORRAR_AUTO" ENABLE;
--------------------------------------------------------
--  DDL for Trigger BORRAR_PERSONA
--------------------------------------------------------

  CREATE OR REPLACE EDITIONABLE TRIGGER "ERNESTOBD"."BORRAR_PERSONA" 
    AFTER DELETE ON MULTAS
        FOR EACH ROW
            DECLARE
            V_boleta_No number;
        BEGIN
            DELETE persona WHERE multas_boleta_no = :old.boleta_no;
        END;
/
ALTER TRIGGER "ERNESTOBD"."BORRAR_PERSONA" ENABLE;
--------------------------------------------------------
--  DDL for Trigger CARGO_ID_CARGO_TRG
--------------------------------------------------------

  CREATE OR REPLACE EDITIONABLE TRIGGER "ERNESTOBD"."CARGO_ID_CARGO_TRG" BEFORE
    INSERT ON cargo
    FOR EACH ROW
     WHEN ( new.id_cargo IS NULL ) BEGIN
    :new.id_cargo := cargo_id_cargo_seq.nextval;
END;
/
ALTER TRIGGER "ERNESTOBD"."CARGO_ID_CARGO_TRG" ENABLE;
--------------------------------------------------------
--  DDL for Trigger MARCAS_IDMARCA_TRG
--------------------------------------------------------

  CREATE OR REPLACE EDITIONABLE TRIGGER "ERNESTOBD"."MARCAS_IDMARCA_TRG" BEFORE
    INSERT ON marcas
    FOR EACH ROW
     WHEN ( new.idmarca IS NULL ) BEGIN
    :new.idmarca := marcas_idmarca_seq.nextval;
END;
/
ALTER TRIGGER "ERNESTOBD"."MARCAS_IDMARCA_TRG" ENABLE;
--------------------------------------------------------
--  DDL for Trigger PAGOSMUL_IDREGISTRO_TRG
--------------------------------------------------------

  CREATE OR REPLACE EDITIONABLE TRIGGER "ERNESTOBD"."PAGOSMUL_IDREGISTRO_TRG" BEFORE
    INSERT ON pagosmultas
    FOR EACH ROW
     WHEN ( new.idregistro IS NULL ) BEGIN
    :new.idregistro := pagosmul_idregistro_seq.nextval;
END;
/
ALTER TRIGGER "ERNESTOBD"."PAGOSMUL_IDREGISTRO_TRG" ENABLE;
--------------------------------------------------------
--  DDL for Trigger PERSONA
--------------------------------------------------------

  CREATE OR REPLACE EDITIONABLE TRIGGER "ERNESTOBD"."PERSONA" 
    AFTER INSERT ON MULTAS
        FOR EACH ROW
            DECLARE
            V_FECHA DATE;
        BEGIN
            SELECT SYSDATE INTO V_FECHA FROM DUAL;
            INSERT INTO persona (licen_Dpi, nombre, Multas_boleta_No, monto, fecha, lugar) VALUES (:NEW.licencia,:NEW.conductor,:NEW.boleta_no, :NEW.monto, V_FECHA, :NEW.lugar);
        END;
/
ALTER TRIGGER "ERNESTOBD"."PERSONA" ENABLE;
--------------------------------------------------------
--  DDL for Trigger REGISTRO_BORRADO
--------------------------------------------------------

  CREATE OR REPLACE EDITIONABLE TRIGGER "ERNESTOBD"."REGISTRO_BORRADO" 
    BEFORE DELETE ON MULTAS
        FOR EACH ROW
            DECLARE
            V_FECHA DATE;
        BEGIN
        DELETE FROM VEHICULO WHERE MULTAS_BOLETA_NO=:OLD.BOLETA_NO;
        DELETE FROM PERSONA WHERE MULTAS_BOLETA_NO=:OLD.BOLETA_NO;
            SELECT SYSDATE INTO V_FECHA FROM DUAL;
            INSERT INTO registro_eliminados (fecha,administrador_id_user, boletano,placa,tipo,marca,color,tarjeta_circ,propietario)
            VALUES (V_FECHA,:OLD.ID_USER,:OLD.boleta_no, :OLD.placa,:old.tipovehic_id_tipo,:old.marcas_idmarca,:old.color,:old.tarj_circu,:old.propietario);
        END;
/
ALTER TRIGGER "ERNESTOBD"."REGISTRO_BORRADO" ENABLE;
--------------------------------------------------------
--  DDL for Trigger REGISTRO_ELIM_ID_REGS_TRG
--------------------------------------------------------

  CREATE OR REPLACE EDITIONABLE TRIGGER "ERNESTOBD"."REGISTRO_ELIM_ID_REGS_TRG" BEFORE
    INSERT ON registro_eliminados
    FOR EACH ROW
     WHEN ( new.id_regs IS NULL ) BEGIN
    :new.id_regs := registro_elim_id_regs_seq.nextval;
END;
/
ALTER TRIGGER "ERNESTOBD"."REGISTRO_ELIM_ID_REGS_TRG" ENABLE;
--------------------------------------------------------
--  DDL for Trigger TIPOVEHIC_ID_TIPO_TRG
--------------------------------------------------------

  CREATE OR REPLACE EDITIONABLE TRIGGER "ERNESTOBD"."TIPOVEHIC_ID_TIPO_TRG" BEFORE
    INSERT ON tipovehiculo
    FOR EACH ROW
     WHEN ( new.id_tipo IS NULL ) BEGIN
    :new.id_tipo := tipovehic_id_tipo_seq.nextval;
END;
/
ALTER TRIGGER "ERNESTOBD"."TIPOVEHIC_ID_TIPO_TRG" ENABLE;
--------------------------------------------------------
--  DDL for Trigger USUARIOS_ID_USER_TRG
--------------------------------------------------------

  CREATE OR REPLACE EDITIONABLE TRIGGER "ERNESTOBD"."USUARIOS_ID_USER_TRG" BEFORE
    INSERT ON users
    FOR EACH ROW
     WHEN ( new.id IS NULL ) BEGIN
    :new.id := usuarios_id_user_seq.nextval;
END;
/
ALTER TRIGGER "ERNESTOBD"."USUARIOS_ID_USER_TRG" ENABLE;
--------------------------------------------------------
--  DDL for Trigger VEHICULO
--------------------------------------------------------

  CREATE OR REPLACE EDITIONABLE TRIGGER "ERNESTOBD"."VEHICULO" 
    AFTER INSERT ON MULTAS
        FOR EACH ROW
            DECLARE
            V_FECHA DATE;
        BEGIN
            SELECT SYSDATE INTO V_FECHA FROM DUAL;
            INSERT INTO vehiculo (placa, tipo, marca, color, tarjeta_circ, propietario, multas_boleta_no, monto, fecha, lugar, conductor) 
            VALUES (:new.placa, :new.tipovehic_id_tipo, :new.marcas_idmarca, :new.color, :new.tarj_circu, :new.propietario, :new.boleta_no, :new.monto, V_FECHA, :new.lugar, :new.conductor);
        END;
/
ALTER TRIGGER "ERNESTOBD"."VEHICULO" ENABLE;
--------------------------------------------------------
--  DDL for Trigger VITACELEME_IDREGISTRO_TRG
--------------------------------------------------------

  CREATE OR REPLACE EDITIONABLE TRIGGER "ERNESTOBD"."VITACELEME_IDREGISTRO_TRG" BEFORE
    INSERT ON vitaceleme
    FOR EACH ROW
     WHEN ( new.idregistro IS NULL ) BEGIN
    :new.idregistro := vitaceleme_idregistro_seq.nextval;
END;
/
ALTER TRIGGER "ERNESTOBD"."VITACELEME_IDREGISTRO_TRG" ENABLE;
--------------------------------------------------------
--  Constraints for Table ARTICULOS
--------------------------------------------------------

  ALTER TABLE "ERNESTOBD"."ARTICULOS" MODIFY ("ARTICULO" NOT NULL ENABLE);
  ALTER TABLE "ERNESTOBD"."ARTICULOS" MODIFY ("DESCRIPCION" NOT NULL ENABLE);
  ALTER TABLE "ERNESTOBD"."ARTICULOS" ADD CONSTRAINT "ARTICULOS_PK" PRIMARY KEY ("ARTICULO")
  USING INDEX PCTFREE 10 INITRANS 2 MAXTRANS 255 COMPUTE STATISTICS 
  STORAGE(INITIAL 65536 NEXT 1048576 MINEXTENTS 1 MAXEXTENTS 2147483645
  PCTINCREASE 0 FREELISTS 1 FREELIST GROUPS 1
  BUFFER_POOL DEFAULT FLASH_CACHE DEFAULT CELL_FLASH_CACHE DEFAULT)
  TABLESPACE "USERS"  ENABLE;
--------------------------------------------------------
--  Constraints for Table BOLETA_PAGO
--------------------------------------------------------

  ALTER TABLE "ERNESTOBD"."BOLETA_PAGO" MODIFY ("ID_BOLET" NOT NULL ENABLE);
  ALTER TABLE "ERNESTOBD"."BOLETA_PAGO" MODIFY ("FECHA" NOT NULL ENABLE);
  ALTER TABLE "ERNESTOBD"."BOLETA_PAGO" MODIFY ("NOMBRE" NOT NULL ENABLE);
  ALTER TABLE "ERNESTOBD"."BOLETA_PAGO" MODIFY ("TOTAL" NOT NULL ENABLE);
  ALTER TABLE "ERNESTOBD"."BOLETA_PAGO" MODIFY ("ADMINISTRADOR_ID_USER" NOT NULL ENABLE);
  ALTER TABLE "ERNESTOBD"."BOLETA_PAGO" ADD CONSTRAINT "BOLETA_PAGO_PK" PRIMARY KEY ("ID_BOLET")
  USING INDEX PCTFREE 10 INITRANS 2 MAXTRANS 255 COMPUTE STATISTICS 
  TABLESPACE "USERS"  ENABLE;
--------------------------------------------------------
--  Constraints for Table CARGO
--------------------------------------------------------

  ALTER TABLE "ERNESTOBD"."CARGO" MODIFY ("ID_CARGO" NOT NULL ENABLE);
  ALTER TABLE "ERNESTOBD"."CARGO" MODIFY ("CARGO" NOT NULL ENABLE);
  ALTER TABLE "ERNESTOBD"."CARGO" ADD CONSTRAINT "CARGO_PK" PRIMARY KEY ("ID_CARGO")
  USING INDEX PCTFREE 10 INITRANS 2 MAXTRANS 255 COMPUTE STATISTICS 
  STORAGE(INITIAL 65536 NEXT 1048576 MINEXTENTS 1 MAXEXTENTS 2147483645
  PCTINCREASE 0 FREELISTS 1 FREELIST GROUPS 1
  BUFFER_POOL DEFAULT FLASH_CACHE DEFAULT CELL_FLASH_CACHE DEFAULT)
  TABLESPACE "USERS"  ENABLE;
--------------------------------------------------------
--  Constraints for Table ELEMENTO
--------------------------------------------------------

  ALTER TABLE "ERNESTOBD"."ELEMENTO" MODIFY ("CHAPA" NOT NULL ENABLE);
  ALTER TABLE "ERNESTOBD"."ELEMENTO" MODIFY ("NOMBRE" NOT NULL ENABLE);
  ALTER TABLE "ERNESTOBD"."ELEMENTO" MODIFY ("ID_CARGO" NOT NULL ENABLE);
  ALTER TABLE "ERNESTOBD"."ELEMENTO" ADD CONSTRAINT "ELEMENTO_PK" PRIMARY KEY ("CHAPA")
  USING INDEX PCTFREE 10 INITRANS 2 MAXTRANS 255 COMPUTE STATISTICS 
  STORAGE(INITIAL 65536 NEXT 1048576 MINEXTENTS 1 MAXEXTENTS 2147483645
  PCTINCREASE 0 FREELISTS 1 FREELIST GROUPS 1
  BUFFER_POOL DEFAULT FLASH_CACHE DEFAULT CELL_FLASH_CACHE DEFAULT)
  TABLESPACE "USERS"  ENABLE;
--------------------------------------------------------
--  Constraints for Table MARCAS
--------------------------------------------------------

  ALTER TABLE "ERNESTOBD"."MARCAS" MODIFY ("IDMARCA" NOT NULL ENABLE);
  ALTER TABLE "ERNESTOBD"."MARCAS" MODIFY ("MARCA" NOT NULL ENABLE);
  ALTER TABLE "ERNESTOBD"."MARCAS" ADD CONSTRAINT "MARCAS_PK" PRIMARY KEY ("IDMARCA")
  USING INDEX PCTFREE 10 INITRANS 2 MAXTRANS 255 COMPUTE STATISTICS 
  STORAGE(INITIAL 65536 NEXT 1048576 MINEXTENTS 1 MAXEXTENTS 2147483645
  PCTINCREASE 0 FREELISTS 1 FREELIST GROUPS 1
  BUFFER_POOL DEFAULT FLASH_CACHE DEFAULT CELL_FLASH_CACHE DEFAULT)
  TABLESPACE "USERS"  ENABLE;
--------------------------------------------------------
--  Constraints for Table MULTAS
--------------------------------------------------------

  ALTER TABLE "ERNESTOBD"."MULTAS" MODIFY ("BOLETA_NO" NOT NULL ENABLE);
  ALTER TABLE "ERNESTOBD"."MULTAS" MODIFY ("TIPOVEHIC_ID_TIPO" NOT NULL ENABLE);
  ALTER TABLE "ERNESTOBD"."MULTAS" MODIFY ("PLACA" NOT NULL ENABLE);
  ALTER TABLE "ERNESTOBD"."MULTAS" MODIFY ("MARCAS_IDMARCA" NOT NULL ENABLE);
  ALTER TABLE "ERNESTOBD"."MULTAS" MODIFY ("ARTICULOS_ARTICULO" NOT NULL ENABLE);
  ALTER TABLE "ERNESTOBD"."MULTAS" MODIFY ("OBSERVACION" NOT NULL ENABLE);
  ALTER TABLE "ERNESTOBD"."MULTAS" MODIFY ("LUGAR" NOT NULL ENABLE);
  ALTER TABLE "ERNESTOBD"."MULTAS" MODIFY ("MONTO" NOT NULL ENABLE);
  ALTER TABLE "ERNESTOBD"."MULTAS" MODIFY ("FECHA_MUL" NOT NULL ENABLE);
  ALTER TABLE "ERNESTOBD"."MULTAS" MODIFY ("ID_USER" NOT NULL ENABLE);
  ALTER TABLE "ERNESTOBD"."MULTAS" MODIFY ("CHAPA" NOT NULL ENABLE);
  ALTER TABLE "ERNESTOBD"."MULTAS" MODIFY ("FECHAVENC" NOT NULL ENABLE);
  ALTER TABLE "ERNESTOBD"."MULTAS" ADD CONSTRAINT "MULTAS_PK" PRIMARY KEY ("BOLETA_NO")
  USING INDEX PCTFREE 10 INITRANS 2 MAXTRANS 255 COMPUTE STATISTICS 
  STORAGE(INITIAL 65536 NEXT 1048576 MINEXTENTS 1 MAXEXTENTS 2147483645
  PCTINCREASE 0 FREELISTS 1 FREELIST GROUPS 1
  BUFFER_POOL DEFAULT FLASH_CACHE DEFAULT CELL_FLASH_CACHE DEFAULT)
  TABLESPACE "USERS"  ENABLE;
--------------------------------------------------------
--  Constraints for Table PAGOSMULTAS
--------------------------------------------------------

  ALTER TABLE "ERNESTOBD"."PAGOSMULTAS" MODIFY ("IDREGISTRO" NOT NULL ENABLE);
  ALTER TABLE "ERNESTOBD"."PAGOSMULTAS" MODIFY ("FECHA" NOT NULL ENABLE);
  ALTER TABLE "ERNESTOBD"."PAGOSMULTAS" MODIFY ("BOLETA_PAGO_ID_BOLET" NOT NULL ENABLE);
  ALTER TABLE "ERNESTOBD"."PAGOSMULTAS" ADD CONSTRAINT "PAGOSMUL_PK" PRIMARY KEY ("IDREGISTRO")
  USING INDEX PCTFREE 10 INITRANS 2 MAXTRANS 255 COMPUTE STATISTICS 
  TABLESPACE "USERS"  ENABLE;
--------------------------------------------------------
--  Constraints for Table PERSONA
--------------------------------------------------------

  ALTER TABLE "ERNESTOBD"."PERSONA" MODIFY ("LICEN_DPI" NOT NULL ENABLE);
  ALTER TABLE "ERNESTOBD"."PERSONA" MODIFY ("NOMBRE" NOT NULL ENABLE);
  ALTER TABLE "ERNESTOBD"."PERSONA" MODIFY ("MULTAS_BOLETA_NO" NOT NULL ENABLE);
  ALTER TABLE "ERNESTOBD"."PERSONA" MODIFY ("MONTO" NOT NULL ENABLE);
  ALTER TABLE "ERNESTOBD"."PERSONA" MODIFY ("FECHA" NOT NULL ENABLE);
  ALTER TABLE "ERNESTOBD"."PERSONA" MODIFY ("LUGAR" NOT NULL ENABLE);
  ALTER TABLE "ERNESTOBD"."PERSONA" ADD CONSTRAINT "PERSONA_PK" PRIMARY KEY ("LICEN_DPI")
  USING INDEX PCTFREE 10 INITRANS 2 MAXTRANS 255 COMPUTE STATISTICS 
  STORAGE(INITIAL 65536 NEXT 1048576 MINEXTENTS 1 MAXEXTENTS 2147483645
  PCTINCREASE 0 FREELISTS 1 FREELIST GROUPS 1
  BUFFER_POOL DEFAULT FLASH_CACHE DEFAULT CELL_FLASH_CACHE DEFAULT)
  TABLESPACE "USERS"  ENABLE;
--------------------------------------------------------
--  Constraints for Table REGISTRO_ELIMINADOS
--------------------------------------------------------

  ALTER TABLE "ERNESTOBD"."REGISTRO_ELIMINADOS" MODIFY ("ID_REGS" NOT NULL ENABLE);
  ALTER TABLE "ERNESTOBD"."REGISTRO_ELIMINADOS" MODIFY ("BOLETANO" NOT NULL ENABLE);
  ALTER TABLE "ERNESTOBD"."REGISTRO_ELIMINADOS" MODIFY ("PLACA" NOT NULL ENABLE);
  ALTER TABLE "ERNESTOBD"."REGISTRO_ELIMINADOS" MODIFY ("TIPO" NOT NULL ENABLE);
  ALTER TABLE "ERNESTOBD"."REGISTRO_ELIMINADOS" MODIFY ("FECHA" NOT NULL ENABLE);
  ALTER TABLE "ERNESTOBD"."REGISTRO_ELIMINADOS" MODIFY ("ADMINISTRADOR_ID_USER" NOT NULL ENABLE);
  ALTER TABLE "ERNESTOBD"."REGISTRO_ELIMINADOS" ADD CONSTRAINT "REGISTRO_ELIM_PK" PRIMARY KEY ("ID_REGS")
  USING INDEX PCTFREE 10 INITRANS 2 MAXTRANS 255 COMPUTE STATISTICS 
  STORAGE(INITIAL 65536 NEXT 1048576 MINEXTENTS 1 MAXEXTENTS 2147483645
  PCTINCREASE 0 FREELISTS 1 FREELIST GROUPS 1
  BUFFER_POOL DEFAULT FLASH_CACHE DEFAULT CELL_FLASH_CACHE DEFAULT)
  TABLESPACE "USERS"  ENABLE;
--------------------------------------------------------
--  Constraints for Table TIPOVEHICULO
--------------------------------------------------------

  ALTER TABLE "ERNESTOBD"."TIPOVEHICULO" MODIFY ("ID_TIPO" NOT NULL ENABLE);
  ALTER TABLE "ERNESTOBD"."TIPOVEHICULO" MODIFY ("TIPO" NOT NULL ENABLE);
  ALTER TABLE "ERNESTOBD"."TIPOVEHICULO" MODIFY ("DESCRIPCION" NOT NULL ENABLE);
  ALTER TABLE "ERNESTOBD"."TIPOVEHICULO" ADD CONSTRAINT "TIPOVEHIC_PK" PRIMARY KEY ("ID_TIPO")
  USING INDEX PCTFREE 10 INITRANS 2 MAXTRANS 255 COMPUTE STATISTICS 
  STORAGE(INITIAL 65536 NEXT 1048576 MINEXTENTS 1 MAXEXTENTS 2147483645
  PCTINCREASE 0 FREELISTS 1 FREELIST GROUPS 1
  BUFFER_POOL DEFAULT FLASH_CACHE DEFAULT CELL_FLASH_CACHE DEFAULT)
  TABLESPACE "USERS"  ENABLE;
--------------------------------------------------------
--  Constraints for Table USERS
--------------------------------------------------------

  ALTER TABLE "ERNESTOBD"."USERS" MODIFY ("ID" NOT NULL ENABLE);
  ALTER TABLE "ERNESTOBD"."USERS" MODIFY ("NAME" NOT NULL ENABLE);
  ALTER TABLE "ERNESTOBD"."USERS" MODIFY ("EMAIL" NOT NULL ENABLE);
  ALTER TABLE "ERNESTOBD"."USERS" MODIFY ("PASSWORD" NOT NULL ENABLE);
  ALTER TABLE "ERNESTOBD"."USERS" ADD CONSTRAINT "ADMINISTRADOR_PK" PRIMARY KEY ("ID")
  USING INDEX PCTFREE 10 INITRANS 2 MAXTRANS 255 COMPUTE STATISTICS 
  STORAGE(INITIAL 65536 NEXT 1048576 MINEXTENTS 1 MAXEXTENTS 2147483645
  PCTINCREASE 0 FREELISTS 1 FREELIST GROUPS 1
  BUFFER_POOL DEFAULT FLASH_CACHE DEFAULT CELL_FLASH_CACHE DEFAULT)
  TABLESPACE "USERS"  ENABLE;
--------------------------------------------------------
--  Constraints for Table VEHICULO
--------------------------------------------------------

  ALTER TABLE "ERNESTOBD"."VEHICULO" MODIFY ("PLACA" NOT NULL ENABLE);
  ALTER TABLE "ERNESTOBD"."VEHICULO" MODIFY ("TIPO" NOT NULL ENABLE);
  ALTER TABLE "ERNESTOBD"."VEHICULO" MODIFY ("MULTAS_BOLETA_NO" NOT NULL ENABLE);
  ALTER TABLE "ERNESTOBD"."VEHICULO" MODIFY ("MONTO" NOT NULL ENABLE);
  ALTER TABLE "ERNESTOBD"."VEHICULO" MODIFY ("FECHA" NOT NULL ENABLE);
  ALTER TABLE "ERNESTOBD"."VEHICULO" MODIFY ("LUGAR" NOT NULL ENABLE);
  ALTER TABLE "ERNESTOBD"."VEHICULO" ADD CONSTRAINT "VECHICULO_PK" PRIMARY KEY ("PLACA")
  USING INDEX PCTFREE 10 INITRANS 2 MAXTRANS 255 COMPUTE STATISTICS 
  STORAGE(INITIAL 65536 NEXT 1048576 MINEXTENTS 1 MAXEXTENTS 2147483645
  PCTINCREASE 0 FREELISTS 1 FREELIST GROUPS 1
  BUFFER_POOL DEFAULT FLASH_CACHE DEFAULT CELL_FLASH_CACHE DEFAULT)
  TABLESPACE "USERS"  ENABLE;
--------------------------------------------------------
--  Constraints for Table VITACELEME
--------------------------------------------------------

  ALTER TABLE "ERNESTOBD"."VITACELEME" MODIFY ("IDREGISTRO" NOT NULL ENABLE);
  ALTER TABLE "ERNESTOBD"."VITACELEME" MODIFY ("CHAPA" NOT NULL ENABLE);
  ALTER TABLE "ERNESTOBD"."VITACELEME" MODIFY ("NOMBRE" NOT NULL ENABLE);
  ALTER TABLE "ERNESTOBD"."VITACELEME" MODIFY ("IDCARGO" NOT NULL ENABLE);
  ALTER TABLE "ERNESTOBD"."VITACELEME" MODIFY ("FECHABAJA" NOT NULL ENABLE);
  ALTER TABLE "ERNESTOBD"."VITACELEME" MODIFY ("ADMINISTRADOR_ID_USER" NOT NULL ENABLE);
  ALTER TABLE "ERNESTOBD"."VITACELEME" ADD CONSTRAINT "VITACELEME_PK" PRIMARY KEY ("IDREGISTRO")
  USING INDEX PCTFREE 10 INITRANS 2 MAXTRANS 255 COMPUTE STATISTICS 
  TABLESPACE "USERS"  ENABLE;
--------------------------------------------------------
--  Ref Constraints for Table BOLETA_PAGO
--------------------------------------------------------

  ALTER TABLE "ERNESTOBD"."BOLETA_PAGO" ADD CONSTRAINT "BOLETA_PAGO_ADMINISTRADOR_FK" FOREIGN KEY ("ADMINISTRADOR_ID_USER")
	  REFERENCES "ERNESTOBD"."USERS" ("ID") ENABLE;
--------------------------------------------------------
--  Ref Constraints for Table ELEMENTO
--------------------------------------------------------

  ALTER TABLE "ERNESTOBD"."ELEMENTO" ADD CONSTRAINT "ELEMENTO_CARGO_FK" FOREIGN KEY ("ID_CARGO")
	  REFERENCES "ERNESTOBD"."CARGO" ("ID_CARGO") ENABLE;
--------------------------------------------------------
--  Ref Constraints for Table MULTAS
--------------------------------------------------------

  ALTER TABLE "ERNESTOBD"."MULTAS" ADD CONSTRAINT "MULTAS_ADMINISTRADOR_FK" FOREIGN KEY ("ID_USER")
	  REFERENCES "ERNESTOBD"."USERS" ("ID") ENABLE;
  ALTER TABLE "ERNESTOBD"."MULTAS" ADD CONSTRAINT "MULTAS_ARTICULOS_FK" FOREIGN KEY ("ARTICULOS_ARTICULO")
	  REFERENCES "ERNESTOBD"."ARTICULOS" ("ARTICULO") ENABLE;
  ALTER TABLE "ERNESTOBD"."MULTAS" ADD CONSTRAINT "MULTAS_ELEMENTO_FK" FOREIGN KEY ("CHAPA")
	  REFERENCES "ERNESTOBD"."ELEMENTO" ("CHAPA") ENABLE;
  ALTER TABLE "ERNESTOBD"."MULTAS" ADD CONSTRAINT "MULTAS_MARCAS_FK" FOREIGN KEY ("MARCAS_IDMARCA")
	  REFERENCES "ERNESTOBD"."MARCAS" ("IDMARCA") ENABLE;
  ALTER TABLE "ERNESTOBD"."MULTAS" ADD CONSTRAINT "MULTAS_TIPOVEHIC_FK" FOREIGN KEY ("TIPOVEHIC_ID_TIPO")
	  REFERENCES "ERNESTOBD"."TIPOVEHICULO" ("ID_TIPO") ENABLE;
--------------------------------------------------------
--  Ref Constraints for Table PAGOSMULTAS
--------------------------------------------------------

  ALTER TABLE "ERNESTOBD"."PAGOSMULTAS" ADD CONSTRAINT "PAGOSMUL_BOLETA_PAGO_FK" FOREIGN KEY ("BOLETA_PAGO_ID_BOLET")
	  REFERENCES "ERNESTOBD"."BOLETA_PAGO" ("ID_BOLET") ENABLE;
--------------------------------------------------------
--  Ref Constraints for Table PERSONA
--------------------------------------------------------

  ALTER TABLE "ERNESTOBD"."PERSONA" ADD CONSTRAINT "PERSONA_MULTAS_FK" FOREIGN KEY ("MULTAS_BOLETA_NO")
	  REFERENCES "ERNESTOBD"."MULTAS" ("BOLETA_NO") ENABLE;
--------------------------------------------------------
--  Ref Constraints for Table REGISTRO_ELIMINADOS
--------------------------------------------------------

  ALTER TABLE "ERNESTOBD"."REGISTRO_ELIMINADOS" ADD CONSTRAINT "REGISTRO_ELIM_ADMINISTRADOR_FK" FOREIGN KEY ("ADMINISTRADOR_ID_USER")
	  REFERENCES "ERNESTOBD"."USERS" ("ID") ENABLE;
--------------------------------------------------------
--  Ref Constraints for Table VEHICULO
--------------------------------------------------------

  ALTER TABLE "ERNESTOBD"."VEHICULO" ADD CONSTRAINT "VECHICULO_MULTAS_FK" FOREIGN KEY ("MULTAS_BOLETA_NO")
	  REFERENCES "ERNESTOBD"."MULTAS" ("BOLETA_NO") ENABLE;
--------------------------------------------------------
--  Ref Constraints for Table VITACELEME
--------------------------------------------------------

  ALTER TABLE "ERNESTOBD"."VITACELEME" ADD CONSTRAINT "VITACELEME_ADMINISTRADOR_FK" FOREIGN KEY ("ADMINISTRADOR_ID_USER")
	  REFERENCES "ERNESTOBD"."USERS" ("ID") ENABLE;
